method,cases,ratings,averageManualScore,score0Count,score1Count,score2Count,readabilityOkRate,requiredPreservedRate,majorOverlapRate
scaling,30,90,1.4444444444444444,10,30,50,0.7888888888888889,1,0.14444444444444443
fixedLayout,30,90,1.7555555555555555,4,14,72,0.9444444444444444,1,0.06666666666666667
candidateSelection,30,90,1.7222222222222223,2,21,67,0.9666666666666667,0.9666666666666667,0.07777777777777778