method,cases,ratings,averageManualScore,score0Count,score1Count,score2Count,readabilityOkRate,requiredPreservedRate,majorOverlapRate
scaling,30,60,1.3833333333333333,10,17,33,0.7166666666666667,1,0.16666666666666666
fixedLayout,30,60,1.65,4,13,43,0.9333333333333333,1,0.15
candidateSelection,30,60,1.5333333333333334,3,22,35,0.9333333333333333,0.95,0.21666666666666667